run,arch,auc,mae
attn_no_skips_ld128_d16_h4_20251013_012554,attn_no_skips,0.8871498422505112,0.004281154
basic_no_attn_no_skips_ld64_d0_h0_20251016_084233,basic,0.8134028516089595,0.004613514
hybrid_vae_ld256_d24_h24_20250925_122322,original,0.8335599348774181,0.0021299187
skip_no_attn_ld128_d0_h0_20251009_091300,skip_no_attn,0.7977154207014912,0.0011870465
